{
    "loss": 1.9603137969970703,
    "accuracy": 0.8495599031448364
}