{
    "loss": 42.1591682434082,
    "accuracy": 0.9781304001808167
}