{
    "loss": 1.946911334991455,
    "accuracy": 0.8500933647155762
}